workerid,prolific_participant_id
968,587674406e2f8d00015c6148
892,571164253d47e80009635a80
884,60fce0fcf9abe7218c789734
876,60b575de24d596147b9b1e40
916,6266a61f6466b789fb5fba20
868,60de493b30efe44c987e2d64
924,5dd00a19b51b3e103a6f50c8
900,62827cc2060eb59b34d49201
982,5c4de8f726093e000134ee6e
860,6163b1de42ca011e8f413ca9
949,5f8671c4b8cacd1d4444fab5
932,5cb67a7ab73e8a001507fae5
908,5d1a5299781673001b8d3c9b
958,5fbc56c0293d73121cdc1eb5
975,60edd81b455433dae20025fd
956,5f4813c94e8b081877fb26a6
939,614149e12ad52d5ea08555e9
891,60fd444309e999dd905f78f8
883,62951620b89e0ab0b347cfa1
859,6109df8b813b0d148dde496f
899,60fe2736c7b7d5dfed216bbe
915,5bd47734506cd3000101d181
922,59c843b646f72100019067ce
965,5daf506a5bd1b30013605e31
981,61560db6a537f0c454b23db0
875,5d8aa95dd06260000179442b
905,6296373d0206e8603d28490d
866,5d02e02a2c5da00001474340
972,60fdfd265d53f620ef2c3929
948,5a2fd74c3eff6600016f21ee
919,614ece6fdaa50e12e6f3f98f
856,5ef7ae31033dea4dde0b24de
902,5d617ba9364f9a0019f1dac3
890,558a9729fdf99b6567d005ab
951,608349d97d46ab71fc6c7111
929,59f5c7f405d1d60001f14399
874,5f77cd8c859b2e34b395216e
909,5662218473ac8700058095b1
936,5dce29700ad506063969a4a5
980,5eb339ee6290bc124b8549a6
944,5ed17f22e1dc340c98fd6bc7
897,5df4ed2eae7b303760a9d47c
863,6109509ba00c37924e41bd4b
971,5e3309ad239ceb2d47d47c4a
959,6293930a73a8649bd00fc052
974,5e850b0e390e520ec806b084
964,6009c48a78011b076a28c850
930,60fd88c5b5da4621ddaed661
912,57597452e8feea0006ef8805
954,611ecb7f1d60cf06adc6ad17
984,607a7c3112ff1d9371319ed6
955,57029ece68c641000f0c8db7
921,5dd039e4b48da3131b0ece0e
903,5f06e8146c99472609ebcf8a
873,614ca7f8fc7cba1b74101bfe
864,6171b613293370249f437607
938,5d0ac7504d57690017a355ef
946,58e558cc728bea0001bbda24
889,60737b97d01c3800e734921d
858,5c1813d5d2790700010a718f
953,5ec4c2babfb2ff3b3f33923f
861,5ef51de92a8ed116654bc910
960,5c8eb16ed169ac0001c27629
907,610b944a8639f10993d9fb2f
979,5d6376ec7e447f001c971315
942,6137e7902deee6112b009008
880,614e4fd76f0eba57eb18548b
857,5f77a04b06b78631ec4b714c
869,5c6ec0e2f4c22800015504f5
918,6130c9c7f70b6f67907d58d5
934,5a8ac2d8f49c9a0001f3ab34
911,6117ae23774b3ff0f9e08052
970,601750d7a0361e9a5e4fdc56
927,6151f8d17451289b4a59a6a8
895,5a33d736bf4d770001e6097a
966,60358de06e95f2ef5ea32cf0
973,5d8e1f47fc29cb001aeda6ea
945,5e3af922a4907231695c413e
962,5d9bf42b9062810018a2edfe
879,61009b2a71a8f291882734b5
952,610c2a0c28529dc4e1b46f0c
963,60b7b098c35b5eb4f326e077
937,583f12f545073d0001fac52d
855,5eac968d6c144d2fd7fb1aa0
872,6100b047d94a399357d77cc7
985,5b48f2d0ff7497000125165e
904,5c449f7948956f0001547a85
887,58595b56a3149800011e156e
983,5eb313d87a289b0f847a7752
867,614e00af940f02036c73ad1b
969,60e36e6ecb9f00e7b4dab92e
943,5ecbe5e254cc883c02f52be8
978,6007776684975127676717c4
901,5c071dcf711f240001767fdf
917,55cd909c34e906000a8d1e1e
926,5f11ea555cb9170eb62aed40
893,5cab4ce7fc216d0016162830
910,615252fe3ac6a44f68bdc779
871,5c570f52b45c6600010b6d1e
878,58ab2db50da7f10001de8e34
935,5f0fd43f114b6a07e3c05d1b
854,5ddc3ccd108b67ba3b7efa5a
885,58642f4de16d530001b34622
950,5c9d2bed010c73001706aeaa
961,611c1cf68a3a6fc487b01d82
933,6014213c77aab7396ca3e5a7
870,610713f7eeb92963429b5d7d
886,6115441c88f881b7cbdd7218
976,5d9a90db9fcbb7032d1bbe62
967,56b4b565b2de2a000d3316ba
877,5f8b066742a6381ddae03d75
977,5f0550bf5819b18476ee8343
853,5731e4005b8b06000f7e36b3
957,60c3ce95ac78e8c48d56870b
894,610c7eabc2c628878c2a84f5
914,60f728553a37102574b585c4
862,611183727167418dbd044629
925,5b29b956007d870001c82114
906,5c69f6b01b9d0e000190b438
947,614eb0a92921d8c1e64f4873
