block_noise_sd,ramp_noise_sd,total_failed_attempts,total_successful_records,failure_rate
0.05,0.5,1359,48000,0.027532972710144047
0.05,0.6,1896,48000,0.037999037999038
0.05,0.7,1995,48000,0.039903990399039906
0.05,0.8,2377,48000,0.04718423089902138
0.05,0.9,2398,48000,0.0475812532243343
0.05,1.0,2410,48000,0.04780797460821266
0.05,1.1,2408,48000,0.04777019520710998
0.05,1.2,2359,48000,0.04684366250322683
0.05,1.3,2358,48000,0.04682473489812939
0.05,1.4,2093,48000,0.04178228494999301
0.05,1.5,2148,48000,0.04283321368748504
0.05,1.6,2063,48000,0.04120807782194435
0.05,1.7,1945,48000,0.038942837120832914
0.05,1.8,1931,48000,0.038673369249564396
0.05,1.9,1818,48000,0.036492833915452244
0.05,2.0,1672,48000,0.033660814946046065
0.07,0.5,1359,48000,0.027532972710144047
0.07,0.6,1896,48000,0.037999037999038
0.07,0.7,1995,48000,0.039903990399039906
0.07,0.8,2377,48000,0.04718423089902138
0.07,0.9,2398,48000,0.0475812532243343
0.07,1.0,2410,48000,0.04780797460821266
0.07,1.1,2408,48000,0.04777019520710998
0.07,1.2,2359,48000,0.04684366250322683
0.07,1.3,2358,48000,0.04682473489812939
0.07,1.4,2093,48000,0.04178228494999301
0.07,1.5,2148,48000,0.04283321368748504
0.07,1.6,2063,48000,0.04120807782194435
0.07,1.7,1945,48000,0.038942837120832914
0.07,1.8,1931,48000,0.038673369249564396
0.07,1.9,1818,48000,0.036492833915452244
0.07,2.0,1672,48000,0.033660814946046065
0.09,0.5,1359,48000,0.027532972710144047
0.09,0.6,1896,48000,0.037999037999038
0.09,0.7,1995,48000,0.039903990399039906
0.09,0.8,2377,48000,0.04718423089902138
0.09,0.9,2398,48000,0.0475812532243343
0.09,1.0,2410,48000,0.04780797460821266
0.09,1.1,2408,48000,0.04777019520710998
0.09,1.2,2359,48000,0.04684366250322683
0.09,1.3,2358,48000,0.04682473489812939
0.09,1.4,2093,48000,0.04178228494999301
0.09,1.5,2148,48000,0.04283321368748504
0.09,1.6,2063,48000,0.04120807782194435
0.09,1.7,1945,48000,0.038942837120832914
0.09,1.8,1931,48000,0.038673369249564396
0.09,1.9,1818,48000,0.036492833915452244
0.09,2.0,1672,48000,0.033660814946046065
0.11,0.5,1359,48000,0.027532972710144047
0.11,0.6,1896,48000,0.037999037999038
0.11,0.7,1995,48000,0.039903990399039906
0.11,0.8,2377,48000,0.04718423089902138
0.11,0.9,2398,48000,0.0475812532243343
0.11,1.0,2410,48000,0.04780797460821266
0.11,1.1,2408,48000,0.04777019520710998
0.11,1.2,2359,48000,0.04684366250322683
0.11,1.3,2358,48000,0.04682473489812939
0.11,1.4,2093,48000,0.04178228494999301
0.11,1.5,2148,48000,0.04283321368748504
0.11,1.6,2063,48000,0.04120807782194435
0.11,1.7,1945,48000,0.038942837120832914
0.11,1.8,1931,48000,0.038673369249564396
0.11,1.9,1818,48000,0.036492833915452244
0.11,2.0,1672,48000,0.033660814946046065
0.13,0.5,1359,48000,0.027532972710144047
0.13,0.6,1896,48000,0.037999037999038
0.13,0.7,1995,48000,0.039903990399039906
0.13,0.8,2377,48000,0.04718423089902138
0.13,0.9,2398,48000,0.0475812532243343
0.13,1.0,2410,48000,0.04780797460821266
0.13,1.1,2408,48000,0.04777019520710998
0.13,1.2,2359,48000,0.04684366250322683
0.13,1.3,2358,48000,0.04682473489812939
0.13,1.4,2093,48000,0.04178228494999301
0.13,1.5,2148,48000,0.04283321368748504
0.13,1.6,2063,48000,0.04120807782194435
0.13,1.7,1945,48000,0.038942837120832914
0.13,1.8,1931,48000,0.038673369249564396
0.13,1.9,1818,48000,0.036492833915452244
0.13,2.0,1672,48000,0.033660814946046065
0.15,0.5,1359,48000,0.027532972710144047
0.15,0.6,1896,48000,0.037999037999038
0.15,0.7,1995,48000,0.039903990399039906
0.15,0.8,2377,48000,0.04718423089902138
0.15,0.9,2398,48000,0.0475812532243343
0.15,1.0,2410,48000,0.04780797460821266
0.15,1.1,2408,48000,0.04777019520710998
0.15,1.2,2359,48000,0.04684366250322683
0.15,1.3,2358,48000,0.04682473489812939
0.15,1.4,2093,48000,0.04178228494999301
0.15,1.5,2148,48000,0.04283321368748504
0.15,1.6,2063,48000,0.04120807782194435
0.15,1.7,1945,48000,0.038942837120832914
0.15,1.8,1931,48000,0.038673369249564396
0.15,1.9,1818,48000,0.036492833915452244
0.15,2.0,1672,48000,0.033660814946046065
0.17,0.5,1359,48000,0.027532972710144047
0.17,0.6,1896,48000,0.037999037999038
0.17,0.7,1995,48000,0.039903990399039906
0.17,0.8,2377,48000,0.04718423089902138
0.17,0.9,2398,48000,0.0475812532243343
0.17,1.0,2410,48000,0.04780797460821266
0.17,1.1,2408,48000,0.04777019520710998
0.17,1.2,2359,48000,0.04684366250322683
0.17,1.3,2358,48000,0.04682473489812939
0.17,1.4,2093,48000,0.04178228494999301
0.17,1.5,2148,48000,0.04283321368748504
0.17,1.6,2063,48000,0.04120807782194435
0.17,1.7,1945,48000,0.038942837120832914
0.17,1.8,1931,48000,0.038673369249564396
0.17,1.9,1818,48000,0.036492833915452244
0.17,2.0,1672,48000,0.033660814946046065
0.19,0.5,1360,48000,0.027552674230145867
0.19,0.6,1897,48000,0.03801831773453314
0.19,0.7,1996,48000,0.03992319385550844
0.19,0.8,2378,48000,0.047203144229624044
0.19,0.9,2399,48000,0.04760015079664279
0.19,1.0,2411,48000,0.047826863184622405
0.19,1.1,2409,48000,0.04778908528239005
0.19,1.2,2360,48000,0.04686258935663225
0.19,1.3,2359,48000,0.04684366250322683
0.19,1.4,2094,48000,0.04180141334291532
0.19,1.5,2149,48000,0.042852300145566215
0.19,1.6,2064,48000,0.04122722914669223
0.19,1.7,1946,48000,0.038962079045369
0.19,1.8,1932,48000,0.038692621965873586
0.19,1.9,1819,48000,0.036512174070133886
0.19,2.0,1673,48000,0.03368026895899181
0.21,0.5,1359,48000,0.027532972710144047
0.21,0.6,1896,48000,0.037999037999038
0.21,0.7,1995,48000,0.039903990399039906
0.21,0.8,2377,48000,0.04718423089902138
0.21,0.9,2398,48000,0.0475812532243343
0.21,1.0,2410,48000,0.04780797460821266
0.21,1.1,2408,48000,0.04777019520710998
0.21,1.2,2359,48000,0.04684366250322683
0.21,1.3,2358,48000,0.04682473489812939
0.21,1.4,2093,48000,0.04178228494999301
0.21,1.5,2148,48000,0.04283321368748504
0.21,1.6,2063,48000,0.04120807782194435
0.21,1.7,1945,48000,0.038942837120832914
0.21,1.8,1931,48000,0.038673369249564396
0.21,1.9,1818,48000,0.036492833915452244
0.21,2.0,1672,48000,0.033660814946046065
0.23,0.5,1360,48000,0.027552674230145867
0.23,0.6,1897,48000,0.03801831773453314
0.23,0.7,1996,48000,0.03992319385550844
0.23,0.8,2378,48000,0.047203144229624044
0.23,0.9,2399,48000,0.04760015079664279
0.23,1.0,2411,48000,0.047826863184622405
0.23,1.1,2409,48000,0.04778908528239005
0.23,1.2,2360,48000,0.04686258935663225
0.23,1.3,2359,48000,0.04684366250322683
0.23,1.4,2094,48000,0.04180141334291532
0.23,1.5,2149,48000,0.042852300145566215
0.23,1.6,2064,48000,0.04122722914669223
0.23,1.7,1946,48000,0.038962079045369
0.23,1.8,1932,48000,0.038692621965873586
0.23,1.9,1819,48000,0.036512174070133886
0.23,2.0,1673,48000,0.03368026895899181
0.25,0.5,1361,48000,0.027572374951885092
0.25,0.6,1898,48000,0.038037596697262414
0.25,0.7,1997,48000,0.03994239654379263
0.25,0.8,2379,48000,0.04722205680938486
0.25,0.9,2400,48000,0.047619047619047616
0.25,1.0,2412,48000,0.04784575101166389
0.25,1.1,2410,48000,0.04780797460821266
0.25,1.2,2361,48000,0.04688151545839042
0.25,1.3,2360,48000,0.04686258935663225
0.25,1.4,2095,48000,0.04182054097215291
0.25,1.5,2150,48000,0.04287138584247258
0.25,1.6,2065,48000,0.0412463797063817
0.25,1.7,1947,48000,0.038981320199411376
0.25,1.8,1933,48000,0.03871187391104079
0.25,1.9,1820,48000,0.03653151344841429
0.25,2.0,1674,48000,0.03369972218867013
0.27,0.5,1363,48000,0.027611774000769806
0.27,0.6,1900,48000,0.03807615230460922
0.27,0.7,1999,48000,0.03998079961599232
0.27,0.8,2381,48000,0.047259879716559816
0.27,0.9,2402,48000,0.047656839014324825
0.27,1.0,2414,48000,0.04788352441782045
0.27,1.1,2412,48000,0.04784575101166389
0.27,1.2,2363,48000,0.046919365407144135
0.27,1.3,2362,48000,0.04690044080854613
0.27,1.4,2097,48000,0.041858793939756875
0.27,1.5,2152,48000,0.04290955495294305
0.27,1.6,2067,48000,0.04128467853076877
0.27,1.7,1949,48000,0.039019800196200126
0.27,1.8,1935,48000,0.03875037548813458
0.27,1.9,1822,48000,0.03657018987595841
0.27,2.0,1676,48000,0.03373862629841372
0.29,0.5,1370,48000,0.027749645533724936
0.29,0.6,1907,48000,0.03821107259502675
0.29,0.7,2006,48000,0.040115186177658683
0.29,0.8,2388,48000,0.04739223624672541
0.29,0.9,2409,48000,0.04778908528239005
0.29,1.0,2421,48000,0.048015707740822276
0.29,1.1,2419,48000,0.04797794482238839
0.29,1.2,2370,48000,0.04705181655747469
0.29,1.3,2369,48000,0.04703289721852727
0.29,1.4,2104,48000,0.04199265527702379
0.29,1.5,2159,48000,0.0430431228692757
0.29,1.6,2074,48000,0.04141870032352119
0.29,1.7,1956,48000,0.03915445592121067
0.29,1.8,1942,48000,0.038885106723799606
0.29,1.9,1829,48000,0.03670553292259528
0.29,2.0,1683,48000,0.0338747660165449
0.31,0.5,1375,48000,0.027848101265822784
0.31,0.6,1912,48000,0.03830742106106748
0.31,0.7,2011,48000,0.04021115354621983
0.31,0.8,2393,48000,0.04748675411267438
0.31,0.9,2414,48000,0.04788352441782045
0.31,1.0,2426,48000,0.048110101931543255
0.31,1.1,2424,48000,0.04807234650166587
0.31,1.2,2375,48000,0.04714640198511166
0.31,1.3,2374,48000,0.04712748640171517
0.31,1.4,2109,48000,0.042088247620187993
0.31,1.5,2164,48000,0.043138505701299734
0.31,1.6,2079,48000,0.04151440723656623
0.31,1.7,1961,48000,0.039250615480074455
0.31,1.8,1947,48000,0.038981320199411376
0.31,1.9,1834,48000,0.036802183248384635
0.31,2.0,1688,48000,0.03397198518757044
0.33,0.5,1395,48000,0.028241724870938355
0.33,0.6,1932,48000,0.038692621965873586
0.33,0.7,2031,48000,0.04059483120465311
0.33,0.8,2413,48000,0.047864638089381704
0.33,0.9,2434,48000,0.048261093706626484
0.33,1.0,2446,48000,0.048487491575149665
0.33,1.1,2444,48000,0.04844976607723416
0.33,1.2,2395,48000,0.04752455600754043
0.33,1.3,2394,48000,0.04750565543517085
0.33,1.4,2129,48000,0.04247042630014562
0.33,1.5,2184,48000,0.04351984696317551
0.33,1.6,2099,48000,0.04189704385317072
0.33,1.7,1981,48000,0.039635061323302856
0.33,1.8,1967,48000,0.03936598154782156
0.33,1.9,1854,48000,0.03718859068479961
0.33,2.0,1708,48000,0.034360666291140256
0.35,0.5,1403,48000,0.028399085075805113
0.35,0.6,1940,48000,0.03884661593912695
0.35,0.7,2039,48000,0.04074821639121485
0.35,0.8,2421,48000,0.048015707740822276
0.35,0.9,2442,48000,0.04841203758772451
0.35,1.0,2454,48000,0.04863836365798549
0.35,1.1,2452,48000,0.04860065012288908
0.35,1.2,2403,48000,0.047675733587286474
0.35,1.3,2402,48000,0.047656839014324825
0.35,1.4,2137,48000,0.0426232123980294
0.35,1.5,2192,48000,0.043672298374242906
0.35,1.6,2107,48000,0.042050012972239405
0.35,1.7,1989,48000,0.03978875352577567
0.35,1.8,1975,48000,0.03951975987993997
0.35,1.9,1862,48000,0.037343066864546144
0.35,2.0,1716,48000,0.034516051170649285
